id,body,intent
1,"Greetings,

I hope you're doing well.

I need to update my address for verification process.

Additionally, please let me know if you require any further information or documentation from my side.

Thanks in advance for your help.

Thank you,
Nisha Banerjee",ReKYC
2,"Greetings,

I'm writing to get some clarity.

My passport expired; starting verification process.

Additionally, please let me know if you require any further information or documentation from my side.

Thank you for the prompt attention.

On Thu, May 15, 2025 at 04:38 PM, Support <support@example.com> wrote:
> My passport expired; starting verification process.

Best regards,
Rahul Mehta",ReKYC
3,"Hi Team,

I appreciate your timely assistance.

New mobile number-kindly guide on verification process.

Additionally, please let me know if you require any further information or documentation from my side.

Looking forward to your response.

Kind regards,
Rahul Mehta",ReKYC
4,"Hi Team,

Trust you are having a productive week.

Please confirm my verification process submission status.

Additionally, please let me know if you require any further information or documentation from my side.

Thanks!

On Wed, Jun 18, 2025 at 10:06 AM, Support <support@example.com> wrote:
> Please confirm my verification process submission status.

Warm regards,
Aditi Rao",ReKYC
5,"Hi Team,

I wanted to reach out regarding an issue I'm facing.

What documents count as valid proof for verification process?

Thanks in advance for your help.

Thank you,
Aditi Rao",ReKYC
6,"Greetings,

I wanted to reach out regarding an issue I'm facing.

I missed the verification process deadline; next steps?

Additionally, please let me know if you require any further information or documentation from my side.

Thank you for the prompt attention.

On Tue, Jun 10, 2025 at 07:56 PM, Support <support@example.com> wrote:
> I missed the verification process deadline; next steps?

Best regards,
Rahul Mehta",ReKYC
7,"Dear Customer Service,

I appreciate your timely assistance.

Ready to upload new income proof for verification process.

Looking forward to your response.

Best regards,
Animesh Agrawal",ReKYC
8,"Hi Team,

Trust you are having a productive week.

How long does verification process approval take?

Thanks in advance for your help.

Warm regards,
Kumar Singh",ReKYC
9,"Hello Support,

Hope all is good on your end.

KYC shows pending-need assistance.

Appreciate your support.

Sincerely,
Kumar Singh",ReKYC
10,"Hi Team,

I appreciate your timely assistance.

Unlock my account to finish verification process.

Additionally, please let me know if you require any further information or documentation from my side.

Thanks!

Sincerely,
Nisha Banerjee",ReKYC
11,"Greetings,

I'm writing to get some clarity.

Need help with selfie upload for verification process.

Thank you for the prompt attention.

Sincerely,
Aditi Rao",ReKYC
12,"Hello Support,

I hope you're doing well.

Where do I send notarized ID for verification process?

Additionally, please let me know if you require any further information or documentation from my side.

Appreciate your support.

Warm regards,
Kumar Singh",ReKYC
13,"Hey there,

I'm writing to get some clarity.

Changed legal name-need verification process.

Additionally, please let me know if you require any further information or documentation from my side.

Appreciate your support.

Sincerely,
Sneha Iyer",ReKYC
14,"Good morning,

Trust you are having a productive week.

Clarify acceptable utility bills for verification process.

Appreciate your support.

Sincerely,
Nisha Banerjee",ReKYC
15,"Greetings,

I appreciate your timely assistance.

verification process portal error; cannot submit.

Additionally, please let me know if you require any further information or documentation from my side.

Your assistance is highly valued.

Kind regards,
Rahul Mehta",ReKYC
16,"Hello Support,

I appreciate your timely assistance.

Need confirmation once verification process is complete.

Your assistance is highly valued.

On Sun, May 11, 2025 at 09:27 PM, Support <support@example.com> wrote:
> Need confirmation once verification process is complete.

Best regards,
Animesh Agrawal",ReKYC
17,"Hey there,

I hope you're doing well.

Add my spouse to account during verification process.

Your assistance is highly valued.

Warm regards,
Sneha Iyer",ReKYC
18,"Hi Team,

I'm writing to get some clarity.

Uploading address proof failed-advise.

Thanks!

On Mon, May 19, 2025 at 01:10 PM, Support <support@example.com> wrote:
> Uploading address proof failed-advise.

Best regards,
Kumar Singh",ReKYC
19,"Good morning,

I hope you're doing well.

Is video KYC acceptable for verification process?

Thanks!

On Tue, Jun 10, 2025 at 09:53 AM, Support <support@example.com> wrote:
> Is video KYC acceptable for verification process?

Thank you,
Rohan Patel",ReKYC
20,"Greetings,

I appreciate your timely assistance.

Please resend verification process reminder email.

Additionally, please let me know if you require any further information or documentation from my side.

Thank you for the prompt attention.

On Thu, Jun 19, 2025 at 04:58 PM, Support <support@example.com> wrote:
> Please resend verification process reminder email.

Sincerely,
Rohan Patel",ReKYC
21,"Hi Team,

I appreciate your timely assistance.

Car insurance expiring-need renewal quote.

Additionally, please let me know if you require any further information or documentation from my side.

Appreciate your support.

Warm regards,
Animesh Agrawal",PolicyRenewal
22,"Dear Customer Service,

Trust you are having a productive week.

Auto-renew my health plan for another year.

Additionally, please let me know if you require any further information or documentation from my side.

Thanks in advance for your help.

Sincerely,
Priya Sharma",PolicyRenewal
23,"Hi Team,

I appreciate your timely assistance.

Documents required for home policy extension?

Looking forward to your response.

On Tue, Jun 03, 2025 at 07:27 PM, Support <support@example.com> wrote:
> Documents required for home policy extension?

Sincerely,
Sneha Iyer",PolicyRenewal
24,"Hello Support,

I appreciate your timely assistance.

Travel insurance renewal starting July 1.

Additionally, please let me know if you require any further information or documentation from my side.

Thanks!

Sincerely,
Kumar Singh",PolicyRenewal
25,"Dear Customer Service,

I wanted to reach out regarding an issue I'm facing.

Renewal link not working; help.

Additionally, please let me know if you require any further information or documentation from my side.

Thank you for the prompt attention.

On Fri, May 02, 2025 at 06:35 PM, Support <support@example.com> wrote:
> Renewal link not working; help.

Warm regards,
Priya Sharma",PolicyRenewal
26,"Hello Support,

I appreciate your timely assistance.

Switch to annual premium on renewal.

Looking forward to your response.

On Mon, May 05, 2025 at 01:55 AM, Support <support@example.com> wrote:
> Switch to annual premium on renewal.

Best regards,
Priya Sharma",PolicyRenewal
27,"Dear Customer Service,

I hope you're doing well.

Send updated premium chart for renewal.

Thank you for the prompt attention.

On Fri, May 09, 2025 at 11:59 PM, Support <support@example.com> wrote:
> Send updated premium chart for renewal.

Sincerely,
Kumar Singh",PolicyRenewal
28,"Hey there,

I appreciate your timely assistance.

Confirm if my policy renewed successfully.

Your assistance is highly valued.

On Wed, May 07, 2025 at 09:27 PM, Support <support@example.com> wrote:
> Confirm if my policy renewed successfully.

Sincerely,
Sneha Iyer",PolicyRenewal
29,"Dear Customer Service,

I wanted to reach out regarding an issue I'm facing.

Add spouse before policy extension this month.

Your assistance is highly valued.

Warm regards,
Animesh Agrawal",PolicyRenewal
30,"Hi Team,

I hope you're doing well.

Policy expires tomorrow-urgent renewal needed.

Additionally, please let me know if you require any further information or documentation from my side.

Your assistance is highly valued.

On Thu, May 29, 2025 at 04:27 AM, Support <support@example.com> wrote:
> Policy expires tomorrow-urgent renewal needed.

Thank you,
Priya Sharma",PolicyRenewal
31,"Hello Support,

Hope all is good on your end.

Is there a loyalty discount on renewal?

Your assistance is highly valued.

Sincerely,
Priya Sharma",PolicyRenewal
32,"Hey there,

I hope you're doing well.

Requesting invoice for renewed policy.

Thanks in advance for your help.

Kind regards,
Animesh Agrawal",PolicyRenewal
33,"Hello Support,

Trust you are having a productive week.

Want higher coverage on renewal.

Additionally, please let me know if you require any further information or documentation from my side.

Your assistance is highly valued.

Warm regards,
Sneha Iyer",PolicyRenewal
34,"Hi Team,

Trust you are having a productive week.

Change payment method for policy extension.

Additionally, please let me know if you require any further information or documentation from my side.

Your assistance is highly valued.

Best regards,
Rahul Mehta",PolicyRenewal
35,"Good morning,

Hope all is good on your end.

Need renewal reminder schedule adjusted.

Additionally, please let me know if you require any further information or documentation from my side.

Your assistance is highly valued.

On Sun, May 04, 2025 at 06:47 PM, Support <support@example.com> wrote:
> Need renewal reminder schedule adjusted.

Kind regards,
Sneha Iyer",PolicyRenewal
36,"Hey there,

I hope you're doing well.

Include roadside assistance in renewal.

Additionally, please let me know if you require any further information or documentation from my side.

Thanks!

Thank you,
Animesh Agrawal",PolicyRenewal
37,"Hey there,

Trust you are having a productive week.

Clarify tax benefit after renewal.

Thanks in advance for your help.

On Mon, May 05, 2025 at 09:55 PM, Support <support@example.com> wrote:
> Clarify tax benefit after renewal.

Kind regards,
Priya Sharma",PolicyRenewal
38,"Hello Support,

I wanted to reach out regarding an issue I'm facing.

Renewal confirmation letter not received.

Thanks in advance for your help.

On Tue, May 06, 2025 at 01:42 PM, Support <support@example.com> wrote:
> Renewal confirmation letter not received.

Kind regards,
Nisha Banerjee",PolicyRenewal
39,"Hey there,

I appreciate your timely assistance.

Need to edit address during policy extension.

Additionally, please let me know if you require any further information or documentation from my side.

Thank you for the prompt attention.

Thank you,
Kumar Singh",PolicyRenewal
40,"Hello Support,

Hope all is good on your end.

Quote for multi-year policy extension.

Your assistance is highly valued.

Sincerely,
Kumar Singh",PolicyRenewal
41,"Hi Team,

I hope you're doing well.

adjust portfolio to 60/40 equities/bonds.

Additionally, please let me know if you require any further information or documentation from my side.

Your assistance is highly valued.

On Sat, May 17, 2025 at 04:59 AM, Support <support@example.com> wrote:
> adjust portfolio to 60/40 equities/bonds.

Kind regards,
Priya Sharma",PortfolioRebalance
42,"Dear Customer Service,

I hope you're doing well.

Reduce tech exposure in my portfolio.

Additionally, please let me know if you require any further information or documentation from my side.

Looking forward to your response.

Thank you,
Kumar Singh",PortfolioRebalance
43,"Greetings,

Hope all is good on your end.

adjust needed after market rally.

Thank you for the prompt attention.

Kind regards,
Animesh Agrawal",PortfolioRebalance
44,"Greetings,

I hope you're doing well.

Shift 10% from bonds to international equities.

Looking forward to your response.

Thank you,
Priya Sharma",PortfolioRebalance
45,"Hello Support,

Hope all is good on your end.

Automate portfolio adjustment quarterly.

Appreciate your support.

On Tue, Jun 10, 2025 at 08:32 AM, Support <support@example.com> wrote:
> Automate portfolio adjustment quarterly.

Kind regards,
Nisha Banerjee",PortfolioRebalance
46,"Good morning,

Hope all is good on your end.

Align portfolio with moderate risk profile.

Thanks in advance for your help.

On Thu, May 22, 2025 at 04:40 AM, Support <support@example.com> wrote:
> Align portfolio with moderate risk profile.

Best regards,
Rahul Mehta",PortfolioRebalance
47,"Dear Customer Service,

Trust you are having a productive week.

Sell under-performing funds and adjust.

Thanks!

On Mon, Jun 30, 2025 at 10:57 PM, Support <support@example.com> wrote:
> Sell under-performing funds and adjust.

Warm regards,
Rahul Mehta",PortfolioRebalance
48,"Hello Support,

I appreciate your timely assistance.

Reinvest dividends into index funds during adjust.

Thanks in advance for your help.

On Sat, May 24, 2025 at 01:57 AM, Support <support@example.com> wrote:
> Reinvest dividends into index funds during adjust.

Thank you,
Rohan Patel",PortfolioRebalance
49,"Dear Customer Service,

Trust you are having a productive week.

After life event, adjust to conservative.

Additionally, please let me know if you require any further information or documentation from my side.

Thanks!

Sincerely,
Priya Sharma",PortfolioRebalance
50,"Good morning,

I appreciate your timely assistance.

Increase ESG holdings during adjust.

Thanks!

Sincerely,
Nisha Banerjee",PortfolioRebalance
51,"Hello Support,

I wanted to reach out regarding an issue I'm facing.

Confirm when portfolio adjustment is complete.

Thanks in advance for your help.

Sincerely,
Aditi Rao",PortfolioRebalance
52,"Greetings,

I'm writing to get some clarity.

Move 5% cash into emerging markets.

Looking forward to your response.

On Wed, Jun 25, 2025 at 01:54 AM, Support <support@example.com> wrote:
> Move 5% cash into emerging markets.

Thank you,
Rohan Patel",PortfolioRebalance
53,"Good morning,

Trust you are having a productive week.

Portfolio drifted-need adjust.

Additionally, please let me know if you require any further information or documentation from my side.

Looking forward to your response.

Warm regards,
Aditi Rao",PortfolioRebalance
54,"Hello Support,

Trust you are having a productive week.

Schedule annual portfolio adjustment meeting.

Additionally, please let me know if you require any further information or documentation from my side.

Thanks in advance for your help.

Sincerely,
Rahul Mehta",PortfolioRebalance
55,"Dear Customer Service,

Hope all is good on your end.

adjust to target allocation model.

Thanks!

Kind regards,
Rahul Mehta",PortfolioRebalance
56,"Dear Customer Service,

I hope you're doing well.

Allocate more to fixed income this adjust.

Thanks in advance for your help.

Thank you,
Rohan Patel",PortfolioRebalance
57,"Hi Team,

I hope you're doing well.

Please provide tax impact of adjust.

Thank you for the prompt attention.

On Sun, Jun 08, 2025 at 04:07 PM, Support <support@example.com> wrote:
> Please provide tax impact of adjust.

Warm regards,
Aditi Rao",PortfolioRebalance
58,"Good morning,

I appreciate your timely assistance.

Portfolio overweight in small caps-adjust.

Looking forward to your response.

On Sun, Jun 29, 2025 at 05:43 PM, Support <support@example.com> wrote:
> Portfolio overweight in small caps-adjust.

Thank you,
Animesh Agrawal",PortfolioRebalance
59,"Greetings,

I'm writing to get some clarity.

Need statement post-adjust.

Thanks!

Sincerely,
Aditi Rao",PortfolioRebalance
60,"Dear Customer Service,

I appreciate your timely assistance.

Use robo advisory rules for adjust.

Appreciate your support.

Best regards,
Kumar Singh",PortfolioRebalance
